{
    "ResNet18": {
        "per_class": {
            "airplane": {
                "retain": 71.37777805328369,
                "forget": 17.29999929666519
            },
            "automobile": {
                "retain": 73.82222414016724,
                "forget": 9.799999743700027
            },
            "bird": {
                "retain": 61.19999885559082,
                "forget": 6.599999964237213
            },
            "cat": {
                "retain": 76.21111273765564,
                "forget": 17.70000010728836
            },
            "deer": {
                "retain": 68.30000281333923,
                "forget": 1.899999938905239
            },
            "dog": {
                "retain": 71.66666388511658,
                "forget": 3.2999999821186066
            },
            "frog": {
                "retain": 73.38888645172119,
                "forget": 6.599999964237213
            },
            "horse": {
                "retain": 67.2777771949768,
                "forget": 5.099999904632568
            },
            "ship": {
                "retain": 62.32222318649292,
                "forget": 2.9999999329447746
            },
            "truck": {
                "retain": 71.08888626098633,
                "forget": 20.29999941587448
            }
        },
        "average": {
            "retain": 69.66555535793304,
            "forget": 9.159999825060368
        }
    },
    "VGG11_bn": {
        "per_class": {
            "airplane": {
                "retain": 84.42222476005554,
                "forget": 5.099999904632568
            },
            "automobile": {
                "retain": 85.27777791023254,
                "forget": 0.0
            },
            "bird": {
                "retain": 85.8222246170044,
                "forget": 9.200000017881393
            },
            "cat": {
                "retain": 86.01111173629761,
                "forget": 4.100000113248825
            },
            "deer": {
                "retain": 86.53333187103271,
                "forget": 0.0
            },
            "dog": {
                "retain": 83.01110863685608,
                "forget": 0.0
            },
            "frog": {
                "retain": 82.85555839538574,
                "forget": 0.0
            },
            "horse": {
                "retain": 81.90000057220459,
                "forget": 0.0
            },
            "ship": {
                "retain": 85.58889031410217,
                "forget": 0.0
            },
            "truck": {
                "retain": 78.23333144187927,
                "forget": 0.0
            }
        },
        "average": {
            "retain": 83.96555602550507,
            "forget": 1.8400000035762787
        }
    },
    "MobileNetV2": {
        "per_class": {
            "airplane": {
                "retain": 57.866668701171875,
                "forget": 0.0
            },
            "automobile": {
                "retain": 57.94444680213928,
                "forget": 0.0
            },
            "bird": {
                "retain": 57.677775621414185,
                "forget": 27.900001406669617
            },
            "cat": {
                "retain": 59.07777547836304,
                "forget": 0.0
            },
            "deer": {
                "retain": 57.34444260597229,
                "forget": 0.0
            },
            "dog": {
                "retain": 40.01111090183258,
                "forget": 0.0
            },
            "frog": {
                "retain": 63.02222013473511,
                "forget": 0.0
            },
            "horse": {
                "retain": 55.50000071525574,
                "forget": 0.0
            },
            "ship": {
                "retain": 57.099997997283936,
                "forget": 0.10000000474974513
            },
            "truck": {
                "retain": 63.555556535720825,
                "forget": 0.0
            }
        },
        "average": {
            "retain": 56.909999549388885,
            "forget": 2.800000141141936
        }
    }
}