{
    "ResNet18": {
        "KL_Forget": 3.204805094718933,
        "KL_Retain": 1.615129544834296
    },
    "VGG11_bn": {
        "KL_Forget": 0.9704591445326806,
        "KL_Retain": 0.26777746486581033
    },
    "MobileNetV2": {
        "KL_Forget": 5.90966839671135,
        "KL_Retain": 2.3018125700155894
    }
}