{
    "ResNet18": {
        "ZRF_Score": -1.62924660007645
    },
    "VGG11_bn": {
        "ZRF_Score": 0.7512627430159267
    },
    "MobileNetV2": {
        "ZRF_Score": -1.3001495753319112
    }
}