{
    "ResNet18": {
        "ZRF_Score": 0.316352101770232
    },
    "VGG11_bn": {
        "ZRF_Score": 0.82753065042452
    },
    "MobileNetV2": {
        "ZRF_Score": 0.4130094904534868
    }
}